gene,degree,weighted_degree,mean_log_expression,variance_log_expression,hub_status
Smp_302310.2,28,27.67987856436857,2.038421776349284,0.8404553233455235,hub
Smp_017710.1,28,27.618825593062176,2.267657350028229,1.6791758883744086,hub
Smp_122790.2,26,25.657327727429706,2.059921082965108,1.4722776704329477,hub
Smp_060620.1,26,25.628526291963503,0.8828747632236191,1.5550939993732475,hub
Smp_347540.2,25,24.67645845557082,0.4904564920166311,0.7197940299901896,hub
Smp_335380.1,24,23.691757041997054,1.1474090943394775,1.101146027239278,hub
Smp_327370.1,17,16.754165300745886,1.1514008822226718,1.6431234655380222,hub
Smp_032670.1,17,16.749865440724687,0.9264215728151068,1.0236258168139434,hub
Smp_055870.2,16,15.812377698359237,3.9450848553732456,0.7363535602432628,hub
Smp_082410.1,16,15.747204275950338,1.1362429633033138,0.923066820000324,hub
Smp_323420.1,14,13.749332683191545,0.9846581527434725,0.8463064646098232,hub
Smp_318100.1,14,13.744316811149977,1.236062621337813,1.6522497807829521,hub
Smp_328620.2,13,12.824530710147691,0.5842319674132046,0.8670852944364337,hub
Smp_203090.1,13,12.791972831566856,0.6437219845810968,0.7213707312237806,hub
Smp_332600.2,13,12.710250393955496,1.1611025239821269,1.0392605662069117,hub
Smp_340300.2,12,11.847795246789836,3.872901243591243,0.7457801086254747,non_hub
Smp_019690.2,12,11.80569048972908,3.8380919383806438,1.0998488214958655,non_hub
Smp_043500.2,12,11.805267652299866,2.1344931955961344,1.0161764417515895,non_hub
Smp_150000.1,12,11.803349052555538,2.2664126630851666,0.7081549867137146,non_hub
Smp_326770.2,12,11.792630712513331,1.7320870401460629,2.7918098246903313,non_hub
Smp_312620.1,12,11.764621805174869,1.1056956593752405,1.1973285962383942,non_hub
Smp_155320.1,11,10.866326524420785,3.681487834230805,1.5273445006080475,non_hub
Smp_331440.1,11,10.863088416591863,1.4106011957287217,1.1991574237666285,non_hub
Smp_000790.1,11,10.853101961475971,3.3282112811919156,0.834356990384452,non_hub
Smp_200460.1,11,10.844664788110384,2.209280837912451,0.7290257663192442,non_hub
Smp_141010.2,11,10.839018134126746,0.6291734173777038,0.9198859297331835,non_hub
Smp_156910.2,11,10.807566831236855,2.853544183779615,3.8083213100381372,non_hub
Smp_348790.2,10,9.887770498929875,2.07149804908858,2.416731476393506,non_hub
Smp_213510.1,10,9.862825331834879,1.7437942380632432,2.098198389340714,non_hub
Smp_322760.1,10,9.861717342571609,1.323390200105487,1.1415584469404962,non_hub
Smp_328360.1,10,9.823364119999605,2.9639081295192655,0.7101058534619523,non_hub
Smp_173320.2,10,9.815724282618076,2.2883172111095367,2.7855267437285565,non_hub
Smp_054620.3,10,9.811970568415589,1.1943199060598975,0.8105832454615491,non_hub
Smp_316910.1,9,8.927467387941213,0.8338502132757453,0.9284969914440505,non_hub
Smp_347560.1,9,8.902872099277557,1.1306070455024617,0.7781686115948089,non_hub
Smp_175880.1,9,8.897758326548201,1.8465795754158592,1.805503992520987,non_hub
Smp_317510.1,9,8.889152496067693,0.8528302134993394,1.1608769146668394,non_hub
Smp_130470.2,9,8.874412243007098,1.5093792905513146,1.0892425230487277,non_hub
Smp_150230.1,9,8.861224986162624,1.445346992574605,1.2822196003059878,non_hub
Smp_310980.1,9,8.847410179780516,0.625338478650778,1.0796695612535836,non_hub
Smp_204420.1,9,8.84638592470956,4.392020251946428,10.131252231486295,non_hub
Smp_196880.2,8,7.894316869452803,1.2475145948499935,2.0783630581912393,non_hub
Smp_140260.1,8,7.893718963620921,0.7641686072398407,0.7924825226657785,non_hub
Smp_170770.2,8,7.88966734226963,0.8370911428943302,0.9371279004314724,non_hub
Smp_193680.1,8,7.886381019086139,3.152905180664644,0.7253864083868268,non_hub
Smp_179970.1,8,7.885175593889611,3.113658091689964,0.8489172833557399,non_hub
Smp_266830.2,8,7.884291514248374,1.4131248868149817,1.6487948433738389,non_hub
Smp_347900.1,8,7.883782280115677,1.341527334073159,0.94439060736293,non_hub
Smp_130520.4,8,7.86272006781469,1.2564738139432852,0.7665259246038149,non_hub
Smp_317240.1,8,7.861584633411438,3.2906562339445475,0.7481687401584428,non_hub
Smp_314280.1,8,7.858171002081466,1.7451571364758005,0.8349114284339425,non_hub
Smp_322980.1,8,7.851837387989796,2.2855334002339887,0.8314005384440071,non_hub
Smp_154900.1,8,7.845384511851061,1.103304828240736,0.7961872603516312,non_hub
Smp_084180.1,8,7.826678792511607,2.036458694357409,5.7536074082622575,non_hub
Smp_133590.1,8,7.820404264000034,2.5778814887431967,1.2231409135901241,non_hub
Smp_335785.1,7,6.959590685088277,5.672785672220916,1.0864032917473323,non_hub
Smp_347490.1,7,6.915687618618335,1.2741724089196789,1.2073707209115145,non_hub
Smp_204370.1,7,6.908237770063475,2.4425608656372324,7.96385723602367,non_hub
Smp_245600.2,7,6.904659074374904,0.4920882457650788,0.7531085605748866,non_hub
Smp_058140.1,7,6.901290101420205,1.9436637982742435,0.8163579672114246,non_hub
Smp_205710.1,7,6.899372755836437,2.804467907202899,3.5408691238280756,non_hub
Smp_340300.1,7,6.889595658806697,3.163202554653359,4.633215156162232,non_hub
Smp_302870.1,7,6.888739038223449,3.149569386895288,4.61740765145396,non_hub
Smp_023940.1,7,6.884705927933718,0.9385116130826122,2.2591167161700967,non_hub
Smp_164270.1,7,6.876167799557706,1.5188453866049754,1.3377663126425272,non_hub
Smp_303350.1,7,6.871259084473074,2.4580412555557754,2.9532668253746386,non_hub
Smp_058140.3,7,6.867133125157327,1.646525871104413,0.7896545292161975,non_hub
Smp_328910.1,6,5.954985689084139,3.037104176122709,0.7364648362762388,non_hub
Smp_017470.1,6,5.9527663303727225,2.837948444743218,1.6988093639029038,non_hub
Smp_246970.2,6,5.942895248174166,0.8170068312364553,0.8974063003507147,non_hub
Smp_133590.3,6,5.938418248715971,1.4249064158144247,2.7457322092860994,non_hub
Smp_134410.1,6,5.935520358496548,3.83786800689414,6.592200215093551,non_hub
Smp_022320.3,6,5.935377166346951,2.0341557758107154,1.8399417696037104,non_hub
Smp_319970.1,6,5.932237215021086,0.9060917039888262,1.7159974942354193,non_hub
Smp_074390.1,6,5.932170577304345,3.1757641760845505,0.8017101075313513,non_hub
Smp_181080.1,6,5.922879370538266,0.8137203823855726,0.9061374310799394,non_hub
Smp_322930.1,6,5.922342851014003,1.0709630270256612,1.185792852327572,non_hub
Smp_246790.1,6,5.921722715302665,2.368756531406394,2.5090717354917116,non_hub
Smp_164270.2,6,5.921173276948079,1.1727354816046223,1.8602375606634158,non_hub
Smp_047870.1,6,5.920680029805371,2.9298889539155075,3.843212004066856,non_hub
Smp_152630.1,6,5.919259106501752,3.0080767274101636,4.065358675268367,non_hub
Smp_139080.2,6,5.915033639530442,1.6310051266214054,1.1999155931331145,non_hub
Smp_019690.1,6,5.914206551873402,5.117179755781546,0.8796448685226177,non_hub
Smp_341710.1,6,5.913475330628214,6.2385136072425125,0.7061215453541562,non_hub
Smp_017470.2,6,5.908410492705044,2.1397697149653667,2.243509876650707,non_hub
Smp_323360.1,6,5.90629089451259,2.9954047935029307,4.128957682714255,non_hub
Smp_106010.1,6,5.9058475025314365,1.4267368971319379,1.1555732170898836,non_hub
Smp_336340.1,6,5.90308016568307,1.8591121860074133,0.7073870335431929,non_hub
Smp_028210.2,6,5.900029298428366,0.8035432419890725,0.7013598679472469,non_hub
Smp_131680.2,6,5.8983947582955825,1.4245910753864717,1.0988103798778686,non_hub
Smp_152580.1,6,5.896848007404884,0.8134551303584814,0.8932717848987403,non_hub
Smp_335370.1,6,5.893087068408865,0.9920962010014255,1.0591475171574878,non_hub
Smp_022320.2,6,5.866051653500959,0.8230583107126596,1.0546708000059033,non_hub
Smp_196880.1,5,4.965845041489227,1.623204897553845,2.17506431166777,non_hub
Smp_063530.1,5,4.960847446895468,1.292986627990838,1.5967135235089858,non_hub
Smp_133860.1,5,4.956828376879499,2.2209861017135095,1.220810956247516,non_hub
Smp_020450.1,5,4.956789782437025,3.3484759843153458,0.7984562521447365,non_hub
Smp_336310.2,5,4.9557591133311085,1.594010015877928,1.1368962720555846,non_hub
Smp_000790.2,5,4.948445376378178,3.658611787905585,1.0053716577140408,non_hub
Smp_330170.1,5,4.9439528861239825,2.869002397583876,4.04721168981496,non_hub
Smp_172510.2,5,4.942331740936718,1.6792163047238238,1.5398253171404856,non_hub
Smp_176260.1,5,4.937043726810154,1.349164495536879,1.102319891087235,non_hub
Smp_331370.1,5,4.928226729998862,3.6911756677947043,6.831371133817124,non_hub
Smp_131390.1,5,4.927535069611893,2.285418495645005,1.1573478490668057,non_hub
Smp_331590.1,5,4.926185266371261,1.4073764227246846,1.0403209297926816,non_hub
Smp_170770.1,5,4.926022624843664,1.2374533815056639,1.0408214374914693,non_hub
Smp_012350.1,5,4.925839965071853,1.5642269384392768,1.1089695298377824,non_hub
Smp_337670.1,5,4.923871446024995,4.11728748524554,0.7864568288322928,non_hub
Smp_055090.3,5,4.923706052880799,1.4584821776884966,1.2176139002418898,non_hub
Smp_322700.1,5,4.923455068068971,3.241844614252172,4.794368740171649,non_hub
Smp_192010.1,5,4.923017165143069,0.7195419280426006,1.0744448435670728,non_hub
Smp_051000.2,5,4.920899335787754,1.9610181233405188,1.712999526058657,non_hub
Smp_320200.1,5,4.920442500685967,1.978412082748108,1.7647380271527056,non_hub
Smp_020450.2,5,4.91817203585761,2.530642334620782,2.8520693441658964,non_hub
Smp_046060.2,5,4.91674173107327,3.433590134821926,0.7915133866920531,non_hub
Smp_341200.2,5,4.916692045596424,2.219415759943121,1.183640891253307,non_hub
Smp_149380.2,5,4.912969837363735,1.426396834403835,0.9693012604950978,non_hub
Smp_345290.1,5,4.90789700033656,1.9024200976963983,1.7207889171468962,non_hub
Smp_010550.2,5,4.907505796008947,1.7949953797108276,5.673849275784375,non_hub
Smp_063530.2,5,4.9072731965905385,1.3956345001490988,0.9254551906302203,non_hub
Smp_327460.1,5,4.906951330087768,0.7700213655117396,0.8382104428249072,non_hub
Smp_062020.1,5,4.906109602716092,1.479685815059465,1.026728686843284,non_hub
Smp_320400.1,5,4.9054957968083155,1.5605287290254428,1.1336540350731448,non_hub
Smp_247580.1,5,4.902228963698771,2.0812671280634287,3.323553566475528,non_hub
Smp_307630.1,5,4.902045558183108,1.2081402398609582,2.3103484979712765,non_hub
Smp_019840.1,5,4.901983854645462,3.2231294385102283,1.396315703623044,non_hub
Smp_041500.2,5,4.899240782475426,4.424188576886111,0.9098294533142041,non_hub
Smp_146150.1,5,4.89113306732059,1.4016436914182215,1.009630678679429,non_hub
Smp_305460.1,5,4.886465420334368,1.7297144062711058,1.695916890408929,non_hub
Smp_181180.2,5,4.8848929199639075,1.3881452576709015,0.9228401754752813,non_hub
Smp_048050.2,4,3.977972966257089,4.249641857086605,0.882922223888415,non_hub
Smp_168080.2,4,3.9764872236354516,1.296091970911478,1.0197314625855547,non_hub
Smp_181180.1,4,3.971516215760545,1.3423253601836864,0.855005570553066,non_hub
Smp_105180.2,4,3.9683315011370817,1.8910116526136642,1.5974316608386234,non_hub
Smp_331170.2,4,3.9659496405334607,1.4661828703806288,0.9776086264600666,non_hub
Smp_312610.1,4,3.963366227913639,1.6855535868748794,1.2955679251913763,non_hub
Smp_302270.1,4,3.9618422988412325,4.825060156081327,0.9296788922646332,non_hub
Smp_130520.3,4,3.9593734627168593,1.0830730562517885,1.5649734465753793,non_hub
Smp_058050.1,4,3.957657269939843,2.4277448673056354,0.7313660191318455,non_hub
Smp_302040.3,4,3.9560740987922722,1.862349241097133,1.5938026296797823,non_hub
Smp_007630.2,4,3.9552419812939825,4.458716659756698,0.8886756887120563,non_hub
Smp_332910.2,4,3.952941733413732,1.7910753317288926,1.6271881160849748,non_hub
Smp_165350.1,4,3.9527310818866166,1.6297455017878502,1.3323788908968617,non_hub
Smp_332780.1,4,3.9525210606007732,1.8962076687015046,1.800709887299889,non_hub
Smp_130520.1,4,3.9518356885837163,2.521567599629824,0.9314042953419891,non_hub
Smp_125250.1,4,3.948396122606705,1.5136852206745322,1.2049525833514598,non_hub
Smp_040710.2,4,3.948258770292501,1.0430013526681843,1.0135328838189284,non_hub
Smp_318200.2,4,3.9476771959809787,0.8890157929025599,1.064626509064813,non_hub
Smp_349480.1,4,3.9461575139048466,1.9611345179895747,1.0721504301717788,non_hub
Smp_346930.2,4,3.9452936051658454,2.6610592905776347,1.3734386610285014,non_hub
Smp_246050.3,4,3.9446358800475805,1.1685174432337038,0.9772260461672261,non_hub
Smp_194370.1,4,3.944308985598291,1.3912845400890559,1.008284374098478,non_hub
Smp_345970.1,4,3.943847901107168,1.9824735353913474,0.7452564060451858,non_hub
Smp_244860.1,4,3.943784455435731,1.5125559021716615,0.8025176710546716,non_hub
Smp_200770.1,4,3.943489148409946,1.8167488668679188,4.458196918989044,non_hub
Smp_210520.2,4,3.9415828327435305,1.512737248533854,1.1063180075612935,non_hub
Smp_348840.2,4,3.9413687037426266,2.362651557493697,2.5493656687556356,non_hub
Smp_093430.1,4,3.940783881665564,1.8708525687368578,1.5708599897396371,non_hub
Smp_023940.2,4,3.9404128584855735,2.143305792470051,2.0425821382552054,non_hub
Smp_212300.2,4,3.9379576138219763,0.7866563750340769,0.8799764664849317,non_hub
Smp_182600.1,4,3.937217255024444,1.952473232834408,5.405524285725917,non_hub
Smp_047870.2,4,3.935674096722163,1.5591379851352491,2.0372528902376934,non_hub
Smp_211020.1,4,3.9349066990806305,0.7999754200067484,0.8838754656449281,non_hub
Smp_088420.1,4,3.9316058678189547,3.2348830304459844,1.0504426288302318,non_hub
Smp_214020.2,4,3.9309922720886568,0.7454625830444561,0.7767260645906949,non_hub
Smp_319120.2,4,3.9298423465691985,1.3709435681070303,2.5439211477667296,non_hub
Smp_133590.2,4,3.929668589022466,1.5597654666890137,2.2171805246902507,non_hub
Smp_029210.2,4,3.929625937539228,1.2371829809469344,0.7214225319292861,non_hub
Smp_349140.1,4,3.9268764396189324,3.434206647928712,1.2309659827103652,non_hub
Smp_152290.1,4,3.9265807442005984,1.3353095584916448,0.7952592633603442,non_hub
Smp_200130.1,4,3.9259105149949702,3.6242260207307035,1.7221327843592584,non_hub
Smp_061250.2,4,3.922224577411019,1.2174862794125016,0.7247837164134864,non_hub
Smp_167630.2,4,3.9214688237348874,1.3351118379397466,0.9115918246143117,non_hub
Smp_005190.3,4,3.920626965496952,1.5143762533266847,1.1085623114914658,non_hub
Smp_326490.1,4,3.918979325411595,2.8201354161660275,1.1495273357999347,non_hub
Smp_246050.2,4,3.916861346707533,1.6764233860508,1.4515275925892752,non_hub
Smp_170910.1,4,3.9138892205638087,1.0352114845163811,1.7209319789144348,non_hub
Smp_141290.1,4,3.900748954604742,0.6730060822018242,0.706331948739603,non_hub
Smp_051000.1,4,3.9000923761701904,1.2464697657334831,2.417278852306414,non_hub
Smp_323230.1,4,3.891693873950057,2.4432424420291152,8.418126881348664,non_hub
Smp_323280.1,3,2.9914514586710763,2.186579687203941,2.2083400010863126,non_hub
Smp_340430.1,3,2.9854228066871067,2.943146983105005,3.8974631304856477,non_hub
Smp_000500.1,3,2.9845369557911634,4.23632168363265,1.3230595867065378,non_hub
Smp_317180.1,3,2.970742184534454,1.597321845252189,3.401991784316595,non_hub
Smp_150080.2,3,2.9707410362445663,1.8757120914057457,1.6023193870640744,non_hub
Smp_137840.2,3,2.9684934715672977,2.123186259083803,0.8714236795250937,non_hub
Smp_340840.1,3,2.967453395162081,1.090485450909788,1.5890964667779677,non_hub
Smp_010550.1,3,2.96613527905842,0.7943137229539412,0.9421751066262342,non_hub
Smp_141010.3,3,2.963195741780683,1.2680231844856333,0.7421717785103983,non_hub
Smp_346380.2,3,2.9628154108597218,2.518613096978831,1.3422014272361764,non_hub
Smp_004690.2,3,2.962055367863976,4.988610451751297,0.9164137248987236,non_hub
Smp_127680.1,3,2.9617572911276824,1.426052606062123,0.772577565639058,non_hub
Smp_127870.1,3,2.9606811727270927,1.194362711339164,0.8029350494179024,non_hub
Smp_200710.1,3,2.9598287382339588,1.9170801131154134,4.9365743628276215,non_hub
Smp_308755.1,3,2.9595346281089485,2.0637178192783283,5.721792461732427,non_hub
Smp_326650.1,3,2.9594735841380286,3.001926237339755,4.799645802750767,non_hub
Smp_071590.1,3,2.959331187116509,2.992176643170532,0.776061976535797,non_hub
Smp_323240.1,3,2.957739315523263,2.9686999934525193,1.2400563875157595,non_hub
Smp_244890.1,3,2.956552638074707,1.2363674843826464,0.8449396503595207,non_hub
Smp_244440.1,3,2.9546894495309206,0.9723413507850138,0.6932076622650207,non_hub
Smp_163600.1,3,2.9543644614750275,1.020261516712687,1.430447146776676,non_hub
Smp_322700.2,3,2.951916547642038,3.089235441637876,4.641928899072716,non_hub
Smp_169220.1,3,2.945159763651856,1.7454793617265152,0.7207739629457834,non_hub
Smp_335670.1,3,2.944957585649899,2.486187100012594,0.8402590963931175,non_hub
Smp_344420.1,3,2.944639897064839,0.8954899638756133,0.8057832104139436,non_hub
Smp_316860.1,3,2.943890976322562,2.258066134401191,2.4299593353013806,non_hub
Smp_348910.1,3,2.943206035482382,1.144538656283198,1.8205545410197275,non_hub
Smp_056460.1,3,2.942378012430898,0.6720006080591996,0.8217703743483398,non_hub
Smp_334920.1,3,2.94041532329481,0.90895555218544,0.9456687599964525,non_hub
Smp_173380.1,3,2.93790353992666,1.0006873791011657,0.7634783048294954,non_hub
Smp_345970.2,3,2.935373283381414,1.7555149815546296,1.4685569342979532,non_hub
Smp_314730.1,3,2.928407513827297,2.159616789217699,0.7782496398476768,non_hub
Smp_046060.1,3,2.9281376014882534,3.6322045392379065,1.477677994467787,non_hub
Smp_201340.1,3,2.9269305833246877,0.8246972804758568,1.047911736242035,non_hub
Smp_318260.2,3,2.926867715316493,0.9896810530233189,0.8801454016522966,non_hub
Smp_310150.1,3,2.9222737090179036,1.5331468800336059,1.5799740157600184,non_hub
Smp_323250.1,2,1.9974582769939353,6.126212035313886,2.1618705924849007,non_hub
Smp_051670.1,2,1.9940865211033816,0.9699298010466918,0.8935241592044928,non_hub
Smp_204040.1,2,1.993366046692,2.043469742117234,6.61564122706708,non_hub
Smp_343390.1,2,1.9915885072116324,0.802471844530189,1.0073053886144907,non_hub
Smp_330270.1,2,1.9896546599097262,1.4334339693116842,3.3951438356468557,non_hub
Smp_049230.1,2,1.9892061507676568,4.471180102995437,1.39684439764177,non_hub
Smp_091190.2,2,1.9879573519130647,0.9491800051909515,1.3862753587887522,non_hub
Smp_085830.1,2,1.9871417954342676,1.6622734700746378,1.724491368810761,non_hub
Smp_319290.1,2,1.9861666887847753,9.221745527498403,1.8962764906309113,non_hub
Smp_323270.1,2,1.9861268869282167,7.826894507054435,1.964296656430984,non_hub
Smp_171140.1,2,1.9860892672832249,1.460397796268134,0.9715729371348146,non_hub
Smp_348240.1,2,1.9854972820977488,0.9747664064606253,0.842112522309925,non_hub
Smp_247700.1,2,1.983851433025123,0.9916450061995761,1.6853886737270287,non_hub
Smp_327820.1,2,1.9837358119180943,1.36037700947809,3.5616874651525623,non_hub
Smp_179390.1,2,1.9798123074628042,5.727835011110378,0.7775989475581406,non_hub
Smp_304890.1,2,1.9796884389349634,1.4198714092422038,0.9801983312789481,non_hub
Smp_201530.1,2,1.9794237432675432,0.9879767623645328,1.4665726308351683,non_hub
Smp_335135.1,2,1.9747627520652766,10.789647742658456,2.0040488882440184,non_hub
Smp_332090.1,2,1.9742269087260556,1.347843589767267,1.219681989105862,non_hub
Smp_346960.1,2,1.974072206821398,3.375008159169228,0.7834355780145851,non_hub
Smp_140200.2,2,1.9718716348456056,1.6809186413805541,0.7742532297942563,non_hub
Smp_247660.1,2,1.9715034107122702,4.320427033241758,8.84057992655008,non_hub
Smp_313630.1,2,1.9712877454555071,2.2661972192212034,1.0021448376291389,non_hub
Smp_323320.1,2,1.9710963228898084,9.725989031894601,2.0021952963349157,non_hub
Smp_323270.2,2,1.9706368960020149,6.954015399767719,1.5132516300467274,non_hub
Smp_324700.1,2,1.9697183590044278,2.3978309465593965,1.2709653660312854,non_hub
Smp_332840.1,2,1.9674855849397712,1.1168966755010146,1.549904623651375,non_hub
Smp_343170.2,2,1.9665605795033507,2.6157980547253326,1.8236356164025886,non_hub
Smp_328440.1,2,1.965962327726795,0.7522975586862775,1.1750907488705107,non_hub
Smp_331190.1,2,1.963779472093707,3.29152087554658,1.4080918078972229,non_hub
Smp_319450.1,2,1.9637178126755224,2.3346032278174897,2.5757143086595407,non_hub
Smp_212190.2,2,1.9620632160447706,1.5901007538720222,2.6326794370220763,non_hub
Smp_323440.1,2,1.961077568210336,14.426452228493808,1.8986820880545334,non_hub
Smp_304890.2,2,1.9605847362602393,1.0978476411641789,0.7648976486940032,non_hub
Smp_320100.1,2,1.960516052715571,0.9746569761367138,0.9928608678277513,non_hub
Smp_167840.1,2,1.9598128666890107,0.9918356021851878,1.7114931528713333,non_hub
Smp_086330.2,2,1.9579609966599736,1.827850117459881,0.6977314464696794,non_hub
Smp_309730.1,2,1.955552240634286,1.0649804995567678,1.6771556710838214,non_hub
Smp_001890.1,2,1.9529629636993406,1.329573512883449,1.1426267558320888,non_hub
Smp_341160.2,2,1.9522204843195872,1.5307597507188098,3.397944865559112,non_hub
Smp_307220.3,2,1.9512027415926672,1.2203358830306323,1.0887469759639927,non_hub
Smp_246970.1,1,0.998020193754394,1.1660931370407357,1.171415910048901,non_hub
Smp_097940.1,1,0.9978712525845083,1.92961280957849,1.7006491670651187,non_hub
Smp_181080.2,1,0.9976853417866404,1.0838439075021082,1.0631142855447109,non_hub
Smp_205300.2,1,0.9964720413443652,2.910622593865093,0.7959474464841169,non_hub
Smp_163570.2,1,0.9949823672902472,1.8082239510017029,1.4697187400665772,non_hub
Smp_305620.1,1,0.9928488221794044,2.3840599071488033,2.6137157043466366,non_hub
Smp_085540.2,1,0.9898197243170114,2.290796090269577,3.2998538936918185,non_hub
Smp_129410.1,1,0.9893598611019975,1.3320907257998094,0.8399148330688444,non_hub
Smp_335130.1,1,0.9875513226854755,11.17223836093696,1.8810557068154843,non_hub
Smp_150230.2,1,0.9852751773342268,1.9701114873706551,0.9175064683980211,non_hub
Smp_348820.2,1,0.9848470142591171,4.166746302689804,7.764135100488481,non_hub
Smp_331600.1,1,0.9828912468005707,1.2705630227199212,0.8374317536010984,non_hub
Smp_348100.1,1,0.9806871503925683,5.759717210693752,14.967345533140431,non_hub
Smp_347590.1,1,0.9798377035442297,2.528702155684285,0.9952906614317542,non_hub
Smp_163600.2,1,0.9782647115752198,1.6554323137767732,1.2361672919814426,non_hub
Smp_121990.2,1,0.9766440572861286,2.6703542991563745,0.9537781861731506,non_hub
Smp_335110.1,1,0.9746881374766401,3.069432400025124,0.9676145846356653,non_hub
Smp_331380.1,1,0.9723018595349003,2.4249838095970477,0.8412220316090323,non_hub
Smp_165050.1,1,0.9722893839275156,6.295628912592206,1.253486224990097,non_hub
Smp_181730.1,1,0.9712772440723538,3.7234362104953993,6.841724968523863,non_hub
Smp_152590.1,1,0.9709814196222365,5.576878489353115,0.9493212254908543,non_hub
